name,email,password,,,,,
Stacy Giller,giller@example.com,123,,,,,
Oliver J. Greenwitch,green@example.com,123,,,,,
Marilyn R. Johnson,johns@example.com,123,,,,,
Ryan Moffett,moffe@example.com,123,,,,,
Graham Carter,carte@example.com,123,,,,,
David Krumholz,mikeortner@example.com,123,,,,,
Alberto Martin,polinaufa@example.com,123,,,,,
Sanjay Shroff,tamerlan76@example.com,123,,,,,
Zeffry Suzi Nasir,somicqa@example.com,123,,,,,
James Burke,brukejam@example.com,123,,,,,
Umoru Mohammed,bromanow@example.com,123,,,,,
Charles Stovall,biigberd@example.com,123,,,,,
Douglas Elder,mathyv@example.com,123,,,,,
Tolga Tavli,lilianabv@example.com,123,,,,,
Babji Kurapati,evankeisz@example.com,123,,,,,
Bart De Vries,sj004g2159@example.com,123,,,,,
Mysz Myszowska,xsuslikx@example.com,123,,,,,
Vldimir Velickovic,viva_cartwright25@example.com,123,,,,,
Nantha Kumar,alexanosrdc@example.com,3231,,,,,
Bruce Dat,trooper@example.com,123,,,,,
Franklin Rony,aliyah75@example.com,123,,,,,
Surendra Togata,milanamakoeva@example.com,123,,,,,
